"","logFC","AveExpr","t","P.Value","adj.P.Val","B"
"GSTO1",-8.11286600376784,8.83387798004448,-36.4934462922579,9.83987184284218e-21,1.47007685332062e-17,37.6198329433966
"LYPLA1",-8.01540619288366,8.74399575267513,-15.7947825712552,2.93324229792025e-13,2.19113199654643e-10,20.4775443715586
"YWHAH",-6.3723328532721,8.35969107404183,-7.93882257087959,8.26101939186071e-08,1.76313756734856e-05,8.18127853272814
"PSMD10",-6.32455915019592,8.28949421056965,-7.65939570606783,1.46762692787207e-07,2.43626070026764e-05,7.54866550962473
"MTAP",-6.23969517273767,8.29908458643748,-7.48999016846308,2.08998176539334e-07,2.94189127484985e-05,7.23965968939043
"SPTAN1",-6.14032250056256,8.27599253604331,-6.69890106491667,1.14574086855844e-06,8.15112789345861e-05,5.60768974867189
"EIF2B2",-6.29247640749495,8.19925077055725,-6.90969546606834,7.22233310022112e-07,6.27126934567005e-05,5.4548996806532
"HNRNPH3",6.34703625800573,5.1082108966089,10.4227951480312,7.77989383427554e-10,3.87438712946922e-07,5.36238241999499
"VPS26A",6.29743285264443,4.81725484747077,8.92346379805198,1.1841683413119e-08,4.42286875479996e-06,4.39345565650718
"IGKV3D-11",-6.08141966482848,8.08594606133465,-6.29277562116847,2.83248532046509e-06,0.000175533822298409,3.9688642818294
"EIF3I",5.77773348830531,5.17806277337074,8.02077663019184,6.99349026150012e-08,1.74137907511353e-05,3.56145206792279
"NAXE",-6.05192451417051,7.99318954385564,-6.1416176493751,3.98781234679344e-06,0.000229145832542669,3.39344878488157
"AIMP2",5.68380768992725,5.23973902179719,7.80990801717785,1.07550983681325e-07,2.00851462024875e-05,3.36412207503998
"IDI1",-6.04903700279535,7.97803983359562,-6.09044435186699,4.4802215602831e-06,0.000246843748271087,3.25460106685715
"FAHD1",-6.02334681855551,7.95084738602141,-6.07637038145901,4.62625498767766e-06,0.000246843748271087,3.15440032109066
"LMAN2",5.7867162514678,4.99893271984816,7.47296022951908,2.16605113944768e-07,2.94189127484985e-05,3.08043651588844
"TATDN1",-5.07351378400965,8.33927586591757,-5.52163513923425,1.66694397879839e-05,0.000711546944092799,3.04938257276111
"PAICS",-5.94223742418657,7.98529973876038,-5.9145504113826,6.70053288014608e-06,0.000322922455578653,2.98614355002546
"PSMC5",5.69348693041751,5.18513981394159,7.31285892717674,3.03709669664882e-07,3.49905552235585e-05,2.89528638241999
"HNRNPM",5.7108893833793,5.18386638250955,7.31168159111548,3.04469356028286e-07,3.49905552235585e-05,2.88974588294835
"GPS1",-5.92338457093128,7.92745337682417,-5.80015846373844,8.72186865180218e-06,0.00039486278078159,2.62575810802885
"RAB2A",5.31118998196481,5.75383969962469,7.04465455291398,5.39132558174286e-07,5.67361677826884e-05,2.55508405154346
"HNRNPA0",5.32027026070456,5.66203988580876,7.01916269864821,5.69640238782012e-07,5.67361677826884e-05,2.55224347274652
"PSPC1",5.28199303824621,5.54856541035497,6.88896241369601,7.55574619960246e-07,6.27126934567005e-05,2.39996602605536
"RUVBL1",5.32624345896256,5.41528614573544,6.73111289933755,1.0673312185608e-06,8.15112789345861e-05,2.28136509354373
"RPL28",5.3210418445872,5.51106830075932,6.71833068960309,1.09776436405126e-06,8.15112789345861e-05,2.24037823771217
"MPI",-5.43505487090727,8.08999173188525,-5.28441873677036,2.91140429843947e-05,0.00117557784374826,2.12962756737028
"FKBP1A",-5.42366324086099,8.08779582413066,-5.26903392934738,3.01914870872833e-05,0.00118700215022109,2.08790636693918
"FBL",5.35985362395832,5.47213274942368,6.47294889948403,1.89090039042242e-06,0.000122826312317004,1.99262688889724
"CZIB",-5.42877990234136,8.0618362864621,-5.22374629771698,3.36040221880792e-05,0.00125511022872476,1.93959740120237
"GSTM3",-5.44651343795626,8.0566765728188,-5.22656708378318,3.3380465771815e-05,0.00125511022872476,1.93839612959711
"TPPP3",5.26369850788507,5.53342040608227,6.27665967353869,2.93731295680069e-06,0.000175533822298409,1.76540561763623
"BCAP31",-5.42272905355263,7.98807853925757,-5.15315970534051,3.97211928176041e-05,0.00144740151389026,1.69813119803182
"SLC25A5",-5.38181322680323,7.99567716821618,-5.09753255688305,4.53293197878412e-05,0.00161242866102464,1.61538362317077
"NAGK",5.26513505838494,5.49243952655344,6.05079980845753,4.90415765122921e-06,0.000252648673480567,1.51694071685273
"PA2G4",-5.35110984615983,7.9971301103241,-5.04404509640982,5.14782488684442e-05,0.00172139215434048,1.48816975815431
"PFDN2",-5.3694440147505,7.95518942107751,-5.04102886311787,5.18491612753157e-05,0.00172139215434048,1.41017183138326
"EIF2S1",-5.34419444232629,7.97088252260402,-5.00503723239481,5.64896101526377e-05,0.00182105218805467,1.37198192616417
"ADH5",-5.33911158078639,7.97653036617794,-4.99914215074762,5.72887903872622e-05,0.00182105218805467,1.36910473506181
"NXN",4.89731097594782,5.95044894754208,5.93579401928752,6.3813886311438e-06,0.000317793153830961,1.34085342779632
"OCIAD1",4.89279729175719,5.92589807837804,5.85735564074597,7.64328183005983e-06,0.000356845720440918,1.2175442989789
"CNDP2",-5.34856523392049,7.89054806677118,-4.91661707970994,6.97561557940261e-05,0.00212685095420969,1.04627768752449
"TMEM43",3.98735561800254,8.61232502895525,4.61297945556003,0.000144423188770411,0.00332740006593042,1.04194098636719
"HMGCS2",4.89673065636213,5.81084566820539,5.68496123232046,1.13903682967297e-05,0.000500506183391595,1.02806685720382
"CLIC5",-5.32384676227209,7.90467558252409,-4.88230736107688,7.57162500834589e-05,0.00226240155249375,1.02020332339434
"NSF",3.78805205359215,8.54577609693184,4.41238573204271,0.000234047331693557,0.00478995498013937,0.646451993435941
"XRCC5",4.40868086382923,6.26763276586031,5.3314877776608,2.60539193552088e-05,0.00108123765324116,0.558775870308574
"ESYT1",-5.6223263313445,7.66867749562436,-4.72052529787522,0.000111550284581258,0.00308622454008148,0.269733983682427
"VTN",4.44636581116223,6.24905036750579,5.04126232581646,5.18203555250019e-05,0.00172139215434048,0.18225222182972
"CAND1",4.31433012488316,6.10796194285667,4.82257004250728,8.734854496341e-05,0.00255879855245754,-0.10375438224604
"MATR3",4.47759478253002,6.03939071621174,4.75599880177633,0.000102452328110866,0.00294353419610835,-0.168750302506711
"CKAP4",4.0371182816371,6.61163556711279,4.73177546547242,0.000108579992122916,0.00306072657040824,-0.22971125793447
"MYO18A",4.34050168734281,6.05459902731966,4.70734106126693,0.000115135640475393,0.00309412259324381,-0.23825936492419
"FKBP4",4.43608518242746,6.00739303818241,4.68256381817204,0.000122190919010298,0.00309412259324381,-0.258736010957576
"LGALSL",4.42669627961612,6.17454444102462,4.69227671881145,0.000119374695202155,0.00309412259324381,-0.263647317851118
"RPS24",3.99106450719094,6.66746157085284,4.70252855665577,0.000116473110696617,0.00309412259324381,-0.269730132044137
"HNRNPF",3.99779083298655,6.56098542406408,4.68711827933331,0.000120862127678029,0.00309412259324381,-0.285460763948724
"GNAS",3.97907336524961,6.61719812842378,4.67525293694226,0.000124354758704033,0.00309643349173043,-0.302841021769119
"NUP62",3.9254216129501,6.60532442649826,4.64979580903686,0.000132195175959033,0.00318779595672155,-0.336039469734252
"APCS",4.01144536868521,6.78906925157163,4.64949291917696,0.000132291398471711,0.00318779595672155,-0.338478086638812
"EPRS1",3.5782953009108,8.2176363271336,4.10803842060741,0.000487380252794497,0.00812201143404501,-0.357596413015399
"RO60",4.03106095677172,6.56321291475919,4.62143148179333,0.000141518904116839,0.00332740006593042,-0.369896262163841
"PMPCA",3.91261419258713,6.54506066802182,4.58975842889771,0.000152714943060882,0.0034569109838327,-0.411420382153858
"SCARB2",-5.29919820735617,7.62309474468168,-4.30653220173647,0.000302057736700028,0.00601699011506456,-0.419075697815229
"GMPPB",3.48083562350268,8.42283486844197,3.96412288806253,0.000689214991747406,0.0102968719767062,-0.430758144863589
"DIABLO",4.25530873386188,6.62677382353397,4.577700846175,0.000157207714627707,0.00350549739781783,-0.432208493624903
"CBR4",3.97278259461941,6.56140200465495,4.56857518405639,0.000160696213140636,0.00353059032988397,-0.44387580887774
"EPM2A",-5.28284403730429,7.61714793232964,-4.28948747839432,0.000314726449300493,0.00618685941124917,-0.451225467859635
"PSMD8",4.05907396049588,6.37568252298276,4.5134587607469,0.000183484362474554,0.00386092447235188,-0.511975772294952
"EIF4A1",3.97466040324039,6.5935357488458,4.51568886718171,0.000182502145609344,0.00386092447235188,-0.513140244489696
"RSU1",-5.26621798096339,7.59594635659739,-4.26220942286043,0.000336116877648635,0.00643793096419308,-0.513247121855452
"SART3",4.33217187594451,6.04396100452853,4.61199196149515,0.000144766401797508,0.00332740006593042,-0.514434982073213
"SPEG",3.94339635996737,6.3961350085482,4.49200303082878,0.000193209842439132,0.00400910423061199,-0.543648958458271
"HTRA2",4.30455459068738,5.99545900990788,4.54681999098052,0.000169329938056457,0.00366636126748329,-0.648122440708256
"ACAD8",-5.12879056385199,7.64400504830761,-4.13996747388353,0.00045128868036496,0.00793206221723825,-0.653598914208985
"FLOT2",-5.08644589165326,7.58433106623636,-4.09058711266967,0.000508308651195373,0.00834519917457019,-0.78601340338287
"NME1",-5.23480384607652,7.43247497184433,-4.14018007639273,0.000451057524584404,0.00793206221723825,-0.811598973486787
"RPS27",4.09569746475871,6.39167500265725,4.26354494601504,0.00033503652801431,0.00643793096419308,-0.849961284876112
"RPS8",3.23885491497029,8.29109469836429,3.76982564628956,0.00109895534466888,0.0134661760517463,-0.888427787214225
"MAP2K4",3.54475900171604,7.08486383418268,4.21902300711693,0.000372994216562319,0.0069656669943013,-0.890439448943348
"PPP2R2A",3.61408296971992,6.9715056919242,4.19253777362507,0.00039758336986329,0.00733320437747845,-0.938522818011804
"TLN2",3.5605420272433,6.99843292200328,4.18080024371782,0.000408992229688881,0.00745163891652669,-0.952334839548639
"PLG",3.60036948552459,6.94975231263354,4.12257081071359,0.000470609547523021,0.00809457338650614,-1.01568701076131
"DYNC1LI1",3.61087575492566,6.84610549249361,4.12190010063823,0.000471370739374855,0.00809457338650614,-1.02855293117783
"DYNC1H1",3.61228486664639,6.78250588412193,4.11007750635679,0.000484991636622778,0.00812201143404501,-1.0493865363344
"USP15",3.6498659830996,6.73561027232429,4.10642563659148,0.000489277797231627,0.00812201143404501,-1.05713523194384
"ERP29",3.15799539206263,8.27490249243955,3.68610924253276,0.00134274046193062,0.0150157986738037,-1.05941984985438
"FGB",3.61721734364213,7.29526817417026,4.06436991899681,0.000541444676041737,0.00842623277089953,-1.07281243913434
"DRG1",3.49494014622932,6.82652287130015,4.06621210298764,0.000539047619194802,0.00842623277089953,-1.10515541541138
"TMT1A",3.64863291453819,6.80164071129836,4.06787553767313,0.000536892235562438,0.00842623277089953,-1.10700975488407
"PLAA",-4.89618155866375,7.58315992097401,-3.8802964034757,0.000843085794826806,0.0117716839016004,-1.10813067978348
"EIF2S3",3.66755879303717,6.66344126531024,4.0675321064983,0.000537336529634684,0.00842623277089953,-1.11267232565977
"KLC1",4.22538357319673,5.88537413569165,4.24982101350051,0.000346305823359156,0.00654912531770352,-1.13035829839995
"NIPSNAP3B",3.14475917206757,8.66317367741508,3.71487958523999,0.00125346801141685,0.0142952764050135,-1.13233995090393
"NCK2",3.60813104837264,6.6701661577938,4.0519846786601,0.000557838364362543,0.00859186099337772,-1.13384608629237
"ARCN1",3.53922943316678,6.72702455785082,4.04454218574986,0.00056792640099946,0.0086579800315632,-1.14179590117147
"RTN2",3.52204886144535,6.91228952289017,4.03370871166051,0.000582936283418617,0.00879703845886277,-1.14206377437525
"ECPAS",-5.03712608542529,7.35966676123101,-3.92129255327488,0.000763987935080132,0.0110815337379584,-1.17167286065087
"GRB2",3.09590154707301,8.27105081308849,3.63183389453054,0.00152856127501283,0.0154742988107832,-1.17404491467652
"PPA1",-5.00534993729712,7.41771860823058,-3.87541605194267,0.000853027231315598,0.0118002100331991,-1.20939083700005
"IMPA1",-5.01628064611472,7.45466080730723,-3.85303359833271,0.00090013063960931,0.0121813251395889,-1.2273524775172
"PPP2CB",3.14542027102961,8.70484838255867,3.71832568067121,0.00124317603680887,0.0142869615307112,-1.22901140900368
"TBC1D17",3.90528051125326,6.29719577918944,4.07701260427758,0.000525205150614053,0.00842623277089953,-1.23298749331247
"OTUB1",-5.00560944673297,7.44148583812705,-3.8493000405145,0.000908234945665262,0.0121813251395889,-1.23826504798521
"RPL21",3.43495710923693,7.3244400537717,3.92697592462031,0.000753620347966883,0.0110383215672796,-1.25768536232462
"CPNE3",3.42352243842423,7.2678697309048,3.91539089341769,0.000774903600416951,0.0111317882598358,-1.28156620702288
"CPPED1",3.4485669730918,7.37677726172474,3.88584683557806,0.00083191898542594,0.0117714859239329,-1.30980824978019
"ADIPOQ",-5.0684249419517,7.40146547146322,-3.8121207352313,0.000992988757054062,0.0129002191568589,-1.31443290760067
"CTSG",3.32181587755915,7.22766753458167,3.88421215374138,0.000835192441724825,0.0117714859239329,-1.32476345508457
"DDX17",4.8987210582616,5.24104851294579,4.35309641810153,0.0002699907365454,0.00545089405944361,-1.35806135661141
"LAMTOR5",3.28928406643877,7.32036115818087,3.85438467703472,0.000897215595182705,0.0121813251395889,-1.35890297693277
"ALDH6A1",-5.0073484458952,7.3327025895617,-3.79240730758028,0.00104105782757123,0.0131808507999273,-1.36590233172228
"SLC25A6",2.97057645535536,8.62426693510056,3.57730830613075,0.00174070081587292,0.0168870585643775,-1.39574542329892
"PMPCB",3.24732008282612,7.25250126873982,3.81965022827836,0.000975214581285855,0.0128935449950537,-1.41499668756101
"BTF3L4",-4.95008529607582,7.27877074687664,-3.77242463531723,0.00109213283340615,0.0134661760517463,-1.41555876152067
"SNAP23",3.21069718317277,7.26671454909122,3.81266429522591,0.000991694952973995,0.0129002191568589,-1.42095843925172
"DENR",3.3093363584486,7.35117792901253,3.80039474426019,0.00102130989352288,0.0131537670769241,-1.43175597847637
"RPL18",3.3696849770466,7.14011170974577,3.79649230562815,0.00103091142372185,0.0131639458721406,-1.43535243201285
"RTCA",-4.92825250991628,7.26748543283422,-3.75942277161032,0.00112668809000554,0.0134661760517463,-1.44095164401617
"TECR",3.1733191226621,7.36585982864946,3.78542975865351,0.0010586178592984,0.0132905469058136,-1.442844035765
"DARS1",3.48532424984533,7.34840585841316,3.76167975226879,0.00112061307901591,0.0134661760517463,-1.45860859115834
"SNTB1",-4.89379497462047,7.26494516294176,-3.73510096857954,0.00119425558643007,0.0140940800634914,-1.47674510116296
"A2M",3.10053902068993,8.73255100019214,3.64840388372075,0.00146929341354908,0.0154008784462955,-1.48202729713362
"CSDE1",2.86196387185789,8.58894690934112,3.47244558908371,0.00223316939732962,0.0189073192863481,-1.51920825713072
"CAPN2",2.85429935534275,8.60456242597398,3.46817331741729,0.00225589629966775,0.0189343206275485,-1.53631628793727
"MYH13",3.44557123577983,7.84146392406168,3.5278164378311,0.00195817117564246,0.0182844233525615,-1.55275867041347
"CSTB",3.06847874090013,8.11339333173607,3.52467424864121,0.00197284545532335,0.0183070255295223,-1.56386494700121
"GLUD1",-4.85058028819614,7.27530489606149,-3.65923559634293,0.00143178058354915,0.0153757831715663,-1.58096079197289
"PNPO",3.62886002480146,6.76296839558277,3.72385973616599,0.001226822604226,0.0142083176024314,-1.58280342839433
"RPL13",3.21078073829929,7.10191123356569,3.66716208179054,0.00140492912872405,0.0153757831715663,-1.62214564025843
"ADPRS",-4.82575817963895,7.27341490807102,-3.62781515872822,0.00154328682918788,0.0154742988107832,-1.6259490677679
"MAP2K6",-4.80826926331477,7.11998962356993,-3.65056169203561,0.00146174393008563,0.0154008784462955,-1.63336682264972
"LAMB2",3.23580962953203,7.14865207508123,3.64703189618303,0.00147411353267755,0.0154008784462955,-1.64719569322907
"YWHAB",3.43752888560486,7.17437405534017,3.63369935232058,0.00152177293966404,0.0154742988107832,-1.66180621732807
"TMED9",3.17420874078563,7.15647890401348,3.62799303361935,0.00154263210978579,0.0154742988107832,-1.67175697674915
"ATIC",2.93954356090105,8.71750570510607,3.52861876402438,0.00195444145763874,0.0182844233525615,-1.68068623866366
"UBE2V2",2.98386868268043,8.11944088733044,3.44269023089359,0.00239624013210184,0.0195689552776564,-1.6907020183713
"KTN1",2.70827706807165,8.53824258150764,3.34941110968531,0.00298665626993356,0.022288623180572,-1.69405503476156
"MYBPH",2.79975064545204,8.43700999563703,3.29589947463028,0.00338717003372926,0.0242125934468493,-1.70416501067288
"CAVIN2",3.3987593455232,6.79282430296313,3.66227352046784,0.00142143014650769,0.0153757831715663,-1.70982855889487
"COL4A2",3.14930037822015,7.18203597338323,3.59374274926805,0.00167388055393569,0.0165435964704196,-1.71626144364392
"NAP1L1",2.99649810886621,7.71165513499714,3.5394014932138,0.00190498838289587,0.0180129914180153,-1.71950780541959
"LAMC1",3.16872892331648,7.20080969127045,3.58490030322583,0.00170951284881811,0.0166928901708122,-1.72783998595205
"PREP",2.8946525853659,8.69934411624642,3.48481680261773,0.00216861764026391,0.0189073192863481,-1.74479894218465
"RPL6",2.98340510596079,7.72660225994052,3.51141650455472,0.00203595804706707,0.0187760575451741,-1.75811424523362
"ACP1",2.78506449279813,8.64829558240752,3.39160219645753,0.00270382141140224,0.0212605746770261,-1.77451023136807
"CDC37",2.99558618481756,7.65083484912541,3.50741719409004,0.00205538259713898,0.0188389055222432,-1.78163177220199
"SCP2",3.54487174180063,6.61457876313073,3.64396368876929,0.00148494934368643,0.0154063494407467,-1.79610871073569
"SFPQ",-4.69639149674197,7.09253505864003,-3.54319820919658,0.00188786970018474,0.0179648237711847,-1.79620710879168
"RPS9",3.35059569783207,7.02116706386655,3.54700474564908,0.00187085848419479,0.0179648237711847,-1.79694349308126
"RAD23A",2.71741306285452,8.42270740751069,3.25374737165388,0.00373906227154234,0.0252767377089786,-1.79781827152261
"DNPEP",2.97218309601693,7.60193108430194,3.50063665782234,0.0020887318450972,0.0189073192863481,-1.79799054184404
"LAMP1",2.69006326826677,8.33534349990778,3.26166136568467,0.00367038946734322,0.0252155338089281,-1.80082408543688
"EEA1",2.7513065348777,8.28638677872728,3.305907703473,0.00330848119358831,0.0237638024193314,-1.80840738093517
"ACTR1A",2.93704735599252,7.585211997212,3.48969681517514,0.00214366056918,0.0189073192863481,-1.81527706358545
"NUCB1",3.33983051133327,6.9190265747096,3.54339323135677,0.0018869944744493,0.0179648237711847,-1.81594471425841
"PPIF",2.79581725503545,8.45711746582898,3.38543720198596,0.00274345388697412,0.0214592675766457,-1.84556251068397
"HPRT1",2.90179572440789,7.85758680915788,3.40676398356862,0.00260871761945295,0.0206212916585329,-1.84742262859952
"SIRT5",-4.69883603273879,7.1202833777072,-3.49081761087113,0.00213796856067467,0.0189073192863481,-1.85867029449488
"PGP",2.93315492652087,8.74455406328269,3.49947820739483,0.00209448240254543,0.0189073192863481,-1.86968265284099
"AUH",2.84347338665673,7.93055485153021,3.37561174668792,0.00280779436955332,0.0217349470886666,-1.87213120048197
"TNS1",2.89178150539532,7.6617590249823,3.44025362386136,0.00241009890969798,0.0195689552776564,-1.87658144646996
"TXNDC17",3.35785826716342,7.02537483522619,3.48407001472538,0.00217246187245995,0.0189073192863481,-1.88882842735955
"HRG",2.74226969874341,7.66922037832377,3.42213387550385,0.00251564987076133,0.0202063489619217,-1.88921467657472
"NES",3.31571859254884,6.99545473006953,3.4815312059021,0.00218558091160677,0.0189073192863481,-1.8944467057613
"DYNC1I2",2.81727285728432,7.95142885287063,3.35300848316559,0.002961455114075,0.022288623180572,-1.8975242122511
"RPL7A",2.83197174386932,7.75898168360385,3.40904345497346,0.00259470524239419,0.0206196257028559,-1.89782227912021
"SUN2",-4.70764109337294,7.03243955055065,-3.47115261179511,0.00224002377087257,0.0189073192863481,-1.9046367500748
"SCFD1",3.21777817389139,6.94246635691712,3.47380363870453,0.00222599219770682,0.0189073192863481,-1.9114355417841
"EIF2S2",-4.64650146109692,6.97669716894104,-3.45759618766593,0.00231314245703126,0.0193063398368978,-1.9381068078432
"COX7A2",2.58996713383661,8.40751908162023,3.17671630151768,0.00447612681875778,0.0288247132207936,-1.93933781993884
"ACTN4",2.74853812944799,8.43748000437381,3.36320900278648,0.00289111961312418,0.0221221182545355,-1.94327679529718
"NUTF2",2.61769078132682,8.34298916811359,3.1868598612701,0.00437155969442349,0.0285201318055401,-1.94354076865935
"BDH1",2.95487666356322,7.44615198562773,3.38163137441219,0.00276820298115365,0.0215400794471019,-1.9644411593047
"NDUFB9",2.84915648062312,7.88013248638098,3.27205883479158,0.00358202909164579,0.0248909370368317,-1.9665859416678
"TSN",-4.64616784890832,6.98020072848515,-3.43004773597129,0.00246900497603113,0.0199388834280568,-1.97226753572191
"COQ5",2.59356128801737,8.23408826811947,3.15639957650117,0.00469290685020416,0.0298349056774681,-1.97614706969419
"RPL9",3.29094443660073,7.44671424428273,3.36826621773465,0.00285685614701725,0.0220007375445555,-1.97654952962682
"DDOST",2.78548720451016,7.86889322972447,3.25415637112732,0.00373548280476025,0.0252767377089786,-1.98724338658453
"GLOD4",2.5720810620617,8.39487891390126,3.14638965611278,0.00480341932828822,0.030164696184239,-2.00498822331013
"CENPV",2.74412104061102,7.68705439738965,3.34368775796705,0.00302718282605255,0.022288623180572,-2.00873517617637
"S100A14",2.67787584573284,7.71845894867952,3.33030817252117,0.00312402719109696,0.0227673006024334,-2.01443423466221
"TRIM54",2.69449915280738,7.96792884577935,3.26517882320381,0.00364026242992074,0.0251784818069518,-2.0214978552957
"ACSL3",2.82945100263787,7.5724935901976,3.31463173868746,0.00324134459671234,0.0235076156674186,-2.03147210438671
"XPO1",2.83366124488899,7.68557369389716,3.27768182807011,0.00353510948811554,0.0247955566912893,-2.03380302300106
"H2AC4",2.56600813568349,8.37670640902041,3.12795543813108,0.00501356653241382,0.0309123728047877,-2.03745566594289
"IDH3G",2.53966870156733,8.2648097512718,3.14261581463627,0.00484573432678539,0.030164696184239,-2.04322170560079
"ERLIN2",2.76871131120779,8.47681763086961,3.36158134534636,0.00290223238145177,0.0221221182545355,-2.05326414241018
"LAMB1",2.53849203918398,8.40752970016011,3.11285274744789,0.00519233845352029,0.0310294145982373,-2.06005326001565
"RDX",2.54549741898502,8.38944033471817,3.1134221446076,0.00518548801578393,0.0310294145982373,-2.06659930319956
"RPL32",2.66314924904763,8.32136887571339,3.223241974666,0.00401564871627923,0.0266639074760941,-2.06999237954753
"ALPK3",2.52288764549076,8.303822346979,3.11911477649515,0.00511747844211342,0.0309123728047877,-2.07450226774646
"IGKV3-20",-4.62695036281669,7.03096801484988,-3.34513143907714,0.00301690992082072,0.022288623180572,-2.08160443338826
"AAMDC",-4.66323008687397,7.07712392673723,-3.33976532963718,0.00305526659095374,0.0223753347396318,-2.08306026411884
"LNPK",4.13473609544337,5.86572875630248,3.61160019396841,0.00160413455260875,0.0159771801439831,-2.08848905279114
"VPS4A",-4.58894393919347,6.98827351471445,-3.34350191756849,0.00302850770124238,0.022288623180572,-2.09083287520611
"RCN2",2.8184478984579,7.47597832458749,3.28735832793348,0.00345576339690371,0.0245852881665435,-2.09375657516681
"SRSF3",3.11309697976445,7.42862800326823,3.28013298891323,0.00351484414198681,0.0247697035289071,-2.10592486608424
"MYOM3",3.10728213047262,8.62711646648805,3.5914246718282,0.0016831503771779,0.0165435964704196,-2.11601643955884
"TTR",2.54960151251218,8.18146084189792,3.14351843288225,0.00483558081250258,0.030164696184239,-2.12306587471082
"COQ10A",3.21841964840542,6.98002197979897,3.35773048473704,0.002928690312967,0.0222104737440238,-2.13024406149563
"RPS14",2.51321453161751,8.16856509953454,3.07637329038163,0.00564993185356465,0.0327170472450604,-2.13387520921071
"GPX4",2.62531375554013,8.04247786853836,3.17908073807567,0.00445153785635743,0.0287904656164416,-2.13667326991266
"AKR1C2",3.01661887649887,7.5757448143039,3.24428915650127,0.00382277492271361,0.0256108777333369,-2.14069103993733
"MTDH",2.7507327740007,7.41526817354252,3.25029689443337,0.00376939309621092,0.0253669967826086,-2.1582109727644
"PALLD",4.39112662288067,5.51227331553058,3.65659534713972,0.00144083644177998,0.0153757831715663,-2.18193240771247
"CFH",2.49864846383399,8.12868606961425,3.11794599047462,0.00513137112154441,0.0309123728047877,-2.18484519544559
"EIF3B",3.09813808124675,8.79550865592289,3.76056920461099,0.00112359823079676,0.0134661760517463,-2.19096547696118
"FAHD2A",-4.47409922623823,6.90707432957862,-3.28146565549908,0.00350387362256396,0.0247697035289071,-2.19378521329988
"RPS11",2.41029925765504,8.27610823582444,3.0528550423307,0.00596532715390916,0.0337583286664405,-2.19499220567223
"GBE1",-4.4867538048223,6.94822412293119,-3.260617694629,0.00367937508055309,0.0252155338089281,-2.21503215948246
"PSMB2",3.01096843166435,7.32480569822512,3.21759226457909,0.00406901092701818,0.0268986828538282,-2.21537962623468
"CCS",-4.47650652851018,6.93915762792109,-3.2564778311217,0.00371522898762781,0.0252767377089786,-2.22120838077691
"ATAD1",2.40344127240924,8.3176967004008,3.03195986857328,0.00625973262495454,0.0351020087869617,-2.22147921433253
"CHCHD4",2.48108687167069,8.1273642755051,3.03102333959424,0.00627325056634456,0.0351020087869617,-2.22702986156993
"RPS28",2.50107776952801,8.01034787555621,3.12012600489399,0.0051054879149611,0.0309123728047877,-2.23286856547658
"PPA2",2.56236662178896,7.99233714379147,3.12188903344473,0.0050846479535064,0.0309123728047877,-2.24022181184276
"ALDOC",-4.56944418993166,7.06648620437183,-3.23011477241648,0.00395165022967391,0.0263560957282715,-2.24120933910112
"GRPEL1",2.67624885071195,7.52011934390778,3.18022039297405,0.00443973283765435,0.0287904656164416,-2.24487857106667
"SF3B2",2.38710022152559,8.20444536875122,3.02794165780074,0.00631793060947816,0.0352201057110462,-2.26369502708411
"ILVBL",-4.78295309715438,7.31605591305131,-3.194181537941,0.00429755883054414,0.0282843739772377,-2.26650778204785
"CSNK2A1",2.47729933538806,8.01157723983486,3.08935405031924,0.00548280864208962,0.0319973285596949,-2.28078756886826
"RARS1",2.84578552119867,7.66619585844351,3.10403940553178,0.00529949442434252,0.0314184312300307,-2.29151925246277
"SPR",2.52424516743934,7.98157590171567,3.09499792728303,0.00541164392457525,0.0318513413412579,-2.29217205610017
"DUSP29",3.2364388947592,6.87215755738087,3.27216064895655,0.00358117416676215,0.0248909370368317,-2.29234685908002
"TPSB2",2.60206987267821,7.84555122565603,3.07371551359578,0.00568475131829118,0.0327915771024209,-2.29689460047867
"UQCR10",2.63582170425661,7.70991661834673,3.11025643804459,0.00522368580814043,0.0310923768819195,-2.30631503484305
"SH3GLB1",2.93601245616145,7.42512027059952,3.14431892522377,0.00482659334365242,0.030164696184239,-2.30697184037045
"LRRC39",2.88615450940422,7.38356105944893,3.13943239822475,0.004881709459389,0.0302625474370422,-2.31943205771382
"ISCA2",2.60628636617687,7.48077531396651,3.12278515893238,0.00507408682245339,0.0309123728047877,-2.33575694884637
"KPNA1",2.38645328886948,8.1115758327354,3.02364184672723,0.0063807842644356,0.0353968599869913,-2.34055746427998
"DGLUCY",2.76822276290545,7.82217648542936,3.03353515010669,0.00623705814383233,0.0351020087869617,-2.34931217817585
"SERPING1",-4.35679599624516,6.81350334281044,-3.15434218734124,0.00471541807688022,0.0298509940968604,-2.37317647739332
"LETM1",2.48417773836709,7.74082396770525,3.01375471448451,0.00652760421992878,0.0358538261197559,-2.41950979754719
"PRR33",-4.37393046461657,6.76369805756635,-3.12226411156062,0.0050802249510012,0.0309123728047877,-2.42139404581325
"SNRPE",4.32498495242832,5.44015722063246,3.4725093282909,0.00223283203320597,0.0189073192863481,-2.44496325763973
"SARNP",-4.27421720148223,6.67836558378123,-3.09376238293133,0.00542714644171642,0.0318513413412579,-2.46871021264695
"APOA2",-4.21423816387652,6.74254489963737,-3.0930206281422,0.00543647392370869,0.0318513413412579,-2.47158082365102
"NDUFA11",-4.22155735053602,6.71295160842983,-3.08688978326319,0.00551416377265838,0.0320550999079829,-2.48279309246222
"FUNDC2",2.45153822180295,7.8427282156411,2.95201657746479,0.00752058787145812,0.0399849049108841,-2.48657535870111
"RPS3",2.40646068428353,7.77342264793639,2.95366920760326,0.0074922119056685,0.0399763020966741,-2.49925904112346
"UBXN1",-4.33948663720326,6.73428137554698,-3.06678000273177,0.00577659137391599,0.0331931827408865,-2.49956304049426
"IGKV4-1",-4.2090749357301,6.73297021870791,-3.06372265973608,0.00581752985356973,0.033300343299744,-2.5121832936709
"ANP32A",-4.2429745146081,6.64255579278493,-3.0586954731607,0.00588545413655553,0.0334329600000531,-2.51976903168273
"RPL23",2.40024780124491,7.80317106145297,2.93319352370249,0.00785114471925069,0.0413014444033822,-2.5246354633797
"ATP5IF1",2.34604290540964,8.22729797151628,2.89932447823469,0.0084813084677651,0.0443044575204233,-2.52704379511815
"MT-ATP6",2.34400698626117,7.95519846261823,2.89015140462346,0.00866014430670631,0.044924498591039,-2.54194776424324
"SZRD1",-4.20044692849168,6.62775684818684,-3.02253759457547,0.00639702288921529,0.0353968599869913,-2.56828046420754
"ARPC2",-4.16344177295188,6.59612802856621,-3.02047262639846,0.00642749620398176,0.0354342410654935,-2.5814021791571
"DNPH1",-4.25277494423664,6.68593010633789,-3.00532679294356,0.00665531775444098,0.0362884843983023,-2.58627546845347
"NAXD",2.5970154179218,7.75773515215035,2.89318747179974,0.0086005582301379,0.0447708501596725,-2.58966365775059
"GLRX3",-4.19016126331707,6.62131716741936,-3.00588998866867,0.00664670886522093,0.0362884843983023,-2.59066969996638
"RPL8",2.21532352390849,8.06781218578748,2.87610068822005,0.0089410840457153,0.0460312779899328,-2.59573115790503
"TBCB",-4.16302837759993,6.60109746142688,-3.00057745485831,0.00672834300104158,0.0364629435106026,-2.60254227359661
"NUDC",-4.18041989528314,6.61326491142758,-2.99752735331169,0.00677564676240518,0.0365444630434416,-2.60347425043039
"ACTR3",-4.14229976831812,6.61005284481559,-3.00007419258002,0.00673612611039245,0.0364629435106026,-2.60765328069773
"NPEPL1",2.55679316779574,7.67838319373371,2.88637121624309,0.00873488658630617,0.0451554344634651,-2.61789472061712
"CMPK1",2.44797289959344,7.8255082844234,2.84337432501584,0.0096295931117976,0.0491010652185175,-2.63728145653054
"DCTN4",-4.13567680009105,6.59220596845657,-2.960292787576,0.00737951158820619,0.0395160943110396,-2.65385245253839
"CLTC",-4.067315470191,6.55508379724483,-2.94137906786659,0.00770571898735191,0.0406796613678578,-2.69559393234645
"HNRNPR",3.96280473832763,5.79182138300348,3.18971298530376,0.00434257708825826,0.0284553077625344,-2.71270059137864
"COL1A1",2.1682594992789,8.10925030387397,2.79446874150828,0.010753475177426,0.0540932387712943,-2.71311780769805
"HSD17B8",3.17661500795316,8.73402091127464,3.76403242479398,0.00111431497512539,0.0134661760517463,-2.75904622499348
"CALD1",-3.95213662673877,6.40016976533109,-2.86359604335614,0.00919841862861078,0.0470631418874812,-2.78828277541418
"APPL1",-3.92357239260625,6.43828792760699,-2.84079594341484,0.00968593719018074,0.0492203747011225,-2.81706179105747
"SSBP1",3.00559822416542,8.87691689295959,3.63051691653062,0.00153337166729957,0.0154742988107832,-2.82782129600619
"CP",-3.92679508919714,6.4430234063976,-2.82880404689598,0.00995214807385212,0.050401726177407,-2.83222270812216
"YWHAQ",-3.83729074131569,6.37060257570412,-2.78762381042253,0.010920402620998,0.0545654900193011,-2.89314342651327
"ELOB",-3.88217208523359,6.33035430536487,-2.77028850084803,0.0113542524242292,0.0565441770726616,-2.91151568883522
"AKR1A1",-3.79614675065249,6.27325665122997,-2.7429649755707,0.0120714819785225,0.0595207725277642,-2.95342644790661
"PDCD5",-3.84682254175437,6.30632689075911,-2.73734953256916,0.0122241168864842,0.0595725231524992,-2.95450272195421
"PCBD1",-3.87240225543475,6.33151815971482,-2.73437298985346,0.0123057635687182,0.0595725231524992,-2.95754516773263
"PRPSAP2",-3.75171298059612,6.28340956785479,-2.74366375130125,0.0120526153405026,0.0595207725277642,-2.95971891420715
"YARS1",-3.77794365980124,6.26045084531993,-2.7363427624019,0.0122516749677526,0.0595725231524992,-2.96106947182531
"RAC1",-3.81254835140715,6.27597445383179,-2.73390731833647,0.0123185836394209,0.0595725231524992,-2.9631922649111
"EPPK1",3.8047667290175,3.96254090786323,3.40959573653767,0.00259132134907837,0.0206196257028559,-2.98962925071492
"WDR77",-3.74175300170551,6.24275385142773,-2.71434996293278,0.0128685793688509,0.0620182502485909,-2.99465514775661
"ALAD",1.9019841950123,8.24352205197656,2.59481767474731,0.0167684481322927,0.0782876922176415,-2.99687854787459
"PLS3",1.94245163506206,8.33241236105543,2.59533682406889,0.0167493266263922,0.0782876922176415,-2.99962494904307
"RPS2",-3.70952656699275,6.24307242824062,-2.69010732447736,0.0135826372785227,0.0652490678267294,-3.03254442912161
"PLCD4",1.8692349342314,8.29446280088013,2.54986843713651,0.0185039962557766,0.0850614474034777,-3.07406029599212
"L2HGDH",3.16579406140438,8.97883328246797,3.73376141174592,0.00119809114328207,0.0140940800634914,-3.08476531857759
"SAMM50",3.13410943916868,8.75236908884225,3.68484671019928,0.00134679854236258,0.0150157986738037,-3.09509315035373
"NQO2",3.28550720796232,9.03913256974538,3.84703275583804,0.000913191710598364,0.0121813251395889,-3.11058208272507
"LDHD",3.48778513451415,6.16705012981258,2.82691360175135,0.00999474591277905,0.0504464540327429,-3.1132277393801
"SETD7",1.82379116105626,8.20795014459786,2.50479766400649,0.0204121219965368,0.0913045217449881,-3.14570554858374
"GLRX",-3.47858402577418,6.0854523664981,-2.55874106825347,0.0181486033292675,0.0842050104780298,-3.19206036806795
"MTX2",3.05794583668713,6.87473925354625,2.65083693645555,0.0148193718766394,0.0705100050436282,-3.19398432958536
"MAT2A",-3.51883075196858,6.10665078569793,-2.55420863006855,0.0183293429881303,0.0845186371119341,-3.19447395571338
"PAK2",-3.47134375918256,6.08215174124183,-2.55634960440028,0.0182437583268391,0.0843844425396211,-3.19638691441053
"NID1",1.81763043821399,8.15065483269477,2.45515212815508,0.0227257347969607,0.0967751204756137,-3.24339915923972
"PSMD9",-3.40392424771811,6.03963354372148,-2.51545734227944,0.019944906447023,0.0901627800677487,-3.25219143973915
"COL4A1",1.76558413464307,8.38454780395969,2.45015731832831,0.0229715522389407,0.0967751204756137,-3.26277173469188
"TIMM13",3.7314677923182,4.06984132854917,3.06102591762053,0.00585387201289803,0.0333804762872888,-3.26604632060281
"PLPBP",-3.42874313953926,5.9908563199274,-2.48849963114576,0.0211462619009177,0.0940253430951521,-3.27924563658728
"STX4",3.06057654344587,6.65852345540877,2.61466675387643,0.0160517767767788,0.0756509605820425,-3.29463270341548
"TNPO1",1.69496595071986,8.32150030215024,2.42196914881016,0.0244057764326968,0.100472223320535,-3.29555742975261
"PFKL",-3.63660429807684,6.20382340097406,-2.47028356756013,0.0219959042336764,0.0967751204756137,-3.30276423650943
"PFDN4",-3.38208000642885,5.95299080344997,-2.46622708826956,0.0221893884488682,0.0967751204756137,-3.30996312963456
"BOLA2",-3.3819118537098,5.94744201047655,-2.46167357619336,0.0224084670342625,0.0967751204756137,-3.31427951632377
"CDV3",-3.34886537240216,5.9453291381702,-2.46237293459021,0.022374689149103,0.0967751204756137,-3.31557843983875
"LIMCH1",-3.35172285822105,5.9490464276761,-2.46129622284054,0.02242671230039,0.0967751204756137,-3.31792303645715
"NAPRT",-3.37135262146323,5.93999326019241,-2.45833839501729,0.0225702047051685,0.0967751204756137,-3.31868448916395
"FIS1",4.11210228249746,4.66168421376399,2.9453212117584,0.00763660726061883,0.0404577703807253,-3.31955136043884
"LRRC2",-3.32719195338578,5.99416704462911,-2.463690103331,0.0223112006621953,0.0967751204756137,-3.32019174950858
"EIF4E",-3.36641962130924,5.93598107354965,-2.45659489200292,0.0226551865730109,0.0967751204756137,-3.32147295808902
"RCN1",2.93547331424076,6.88863224382633,2.54448981815553,0.0187225999680511,0.0858023446388601,-3.32614753586123
"DBT",3.31950299310912,6.17479559357323,2.66032121100116,0.0145113037890296,0.0694868200666993,-3.3324680110707
"CAP1",1.63300268325172,8.27030323643505,2.37832054097884,0.0267913254963948,0.108500990241481,-3.37198711067057
"COL6A2",2.94751720182972,6.84658223274227,2.49843646889923,0.0206957830365693,0.0922970144974165,-3.39543372490086
"CACNA1S",1.72105594476559,8.10946021423513,2.35058767142976,0.0284171776251833,0.113516746984021,-3.40820549245387
"CD38",3.43911257760066,3.97322652000766,2.87487837004593,0.00896593165667365,0.0460312779899328,-3.41278259837176
"MRPS31",2.96937206714471,6.81717059437675,2.44967485655456,0.0229954268867757,0.0967751204756137,-3.4712197705749
"TRIP10",1.6733315443815,8.23671476646329,2.32613456649503,0.0299257531413864,0.117346654050476,-3.50520350357928
"PURB",2.99192508160622,6.55960854628655,2.45265627104755,0.0228482598864663,0.0967751204756137,-3.51505554406525
"DDT",-3.07820911770774,5.78877201204002,-2.29639024150808,0.0318599945168481,0.122048286687618,-3.52254849841193
"PSMD12",2.89810867038622,8.95636398614125,3.49140691654222,0.0021349816957038,0.0189073192863481,-3.53951206504994
"SSB",-2.98754041028901,5.75779732491973,-2.26789415144573,0.0338200590458681,0.126002913253184,-3.56216045199968
"GNPDA1",-3.01363023864198,5.72747352222372,-2.25575731472563,0.0346879254071081,0.127644730438964,-3.5754285747952
"MYH1",1.80174511746549,8.42807356076423,2.37819588193533,0.0267984373487994,0.108500990241481,-3.60508132556641
"EPHX1",2.84746162081809,8.94262397370384,3.4410475910764,0.00240557443537224,0.0195689552776564,-3.60863037962029
"RPL19",2.68223646919842,7.18091693787419,2.27980548332426,0.032987689576737,0.124770467402117,-3.61810798762778
"SND1",-3.04171541833583,5.84095446811837,-2.22283172328269,0.0371458427394615,0.134048041190231,-3.63269679970834
"OPA1",1.57081271505681,8.26447813078107,2.27498538200955,0.0333222332620111,0.124770467402117,-3.64184510915583
"PPP1R14C",-2.96941660455737,5.66511510452619,-2.19508305946705,0.0393394765179081,0.137344756882027,-3.64827450762266
"LYRM7",2.52752024057416,7.23469029906989,2.23704992625977,0.036065575600548,0.131419438895656,-3.65277815539465
"RWDD1",-2.91624630853972,5.64994418781381,-2.18329434173673,0.0403065721409032,0.13939356198729,-3.66401225330571
"PARVB",-2.86551018847298,5.70247462844213,-2.17992068307104,0.0405872789437697,0.139490557873994,-3.67270461397701
"EZR",-2.8979704322036,5.6218312612942,-2.16490333840559,0.0418584518191522,0.143104180818795,-3.68738887398504
"PBDC1",-2.87821200410685,5.60882349830616,-2.15727202785001,0.0425181523096234,0.145013567741445,-3.69615889918342
"SGTA",-2.86445558169788,5.60340293574337,-2.14862371238223,0.0432771395988578,0.145950443703597,-3.70765286598279
"BPGM",-2.8607409813242,5.60142054666002,-2.14575646316505,0.043531466154632,0.146148338056225,-3.71112226052263
"CD99L2",-2.85345823870743,5.59879581876433,-2.14146423995617,0.0439147156698779,0.147104451145286,-3.71682544498746
"UFM1",-2.82613906815158,5.66813046346924,-2.12875212162872,0.0450677298108625,0.150292831110332,-3.7383621925691
"RALY",3.43415896860653,4.25898781468006,2.46067812922825,0.0224566273781151,0.0967751204756137,-3.74034120792325
"RPS15A",2.90435472077922,8.98521639061044,3.49731924764706,0.00210524097363355,0.0189073192863481,-3.7404111647585
"UGGT1",3.44241465723918,4.26972216314559,2.45309840988665,0.0228265099934229,0.0967751204756137,-3.74589167835523
"SRPRB",3.43128392836284,4.30110292184254,2.45029231954231,0.0229648758245919,0.0967751204756137,-3.74671081839484
"LACTB",2.87313832468101,8.97312928131701,3.45405138963991,0.00233264440226277,0.019329257418469,-3.75800357334932
"RPL5",3.38057465943863,4.35187510726732,2.42185163713619,0.0244119257465557,0.100472223320535,-3.76400056562384
"RPS21",2.77981844975058,3.65213789296481,2.39784892049289,0.0256985311554168,0.105187960400528,-3.76506904516096
"TCP1",1.72799909022542,8.61562432643113,2.43687994491223,0.023637064152673,0.0983670580615416,-3.78622576496983
"CPT1B",3.36437924241075,4.37410634586936,2.38576559441606,0.026369732691724,0.107347086216446,-3.78904206221134
"MYL9",2.75978194276197,3.65619026084969,2.36612867381239,0.0274951952187822,0.111021139613137,-3.7899253472284
"MLF2",3.25972705303344,4.30637607686572,2.36026775775224,0.0278396060652791,0.111807450165395,-3.81842999118549
"TMX3",3.42671848879392,5.02443656575591,2.3293429086571,0.0297237038629532,0.117211473091306,-3.82950895645255
"RRAS",3.30780638511066,4.36404429430856,2.33174601530932,0.0295731887241497,0.117194546296763,-3.83872707456843
"CDSN",3.11026501466068,9.05087926657605,3.66466109481278,0.00141334730839281,0.0153757831715663,-3.84176201094341
"AOC3",3.22149248865774,4.45506939568492,2.31015219259257,0.0309512209909689,0.120419594167988,-3.85091189914832
"MCCC1",3.19696786394359,4.50552836107254,2.29937834558608,0.0316606169943369,0.121909695333864,-3.85896483976743
"HDHD5",3.05745864354479,4.08108608157861,2.24927773838086,0.0351595540866511,0.12874601422906,-3.89584774910336
"COX20",3.04206418583562,4.0860212112299,2.22713052864547,0.0368161572540963,0.133179997427651,-3.9123442773168
"HAX1",3.04157737161845,4.09712360641037,2.20991190364176,0.0381529554453034,0.136039416313325,-3.92541673782353
"PCCA",3.05175405531286,4.10952534536453,2.20081898733236,0.0388765957175047,0.136662668239887,-3.93255163358388
"AKR7A2",1.65487930270063,8.65418119545066,2.38817157602802,0.0262348060785492,0.107089618255062,-3.94068668733615
"ATP6V1A",2.9893035071756,4.08871749458804,2.15363408711436,0.0428359420165548,0.145447494028939,-3.96549456880045
"MYH3",1.6942602895898,8.72981878190899,2.3043369270291,0.0313322881967032,0.121270566232836,-3.98535637164485
"MRPS28",2.89625305070728,4.2091341639294,2.12576764203893,0.0453423599688703,0.150871905998869,-3.9886143155554
"MCCC2",2.88245279247727,4.21177716364874,2.11047965639097,0.046772972724939,0.153918108482509,-3.9996681394757
"ADHFE1",1.76528349184284,8.71391019404254,2.48127687512612,0.021479421394252,0.0952233102760014,-4.01787440071366
"TXNL1",1.56957600792844,8.72257808502262,2.26639371304426,0.0339262633685673,0.126084172817511,-4.44848127873054
"MYPN",1.50860981616283,8.69038918526214,2.23291407975104,0.0363768132581238,0.132231043814202,-4.44971648743558
"CORO6",1.53526688437629,8.71366791710599,2.27736204267975,0.0331568922991482,0.124770467402117,-4.46366901748985
"DCTN1",1.622932224879,8.70522735414504,2.35800357873907,0.0279737214460867,0.11204487892883,-4.49843065981367
"PPP1R3A",1.56521428525833,8.52132449993377,2.28344492142804,0.0327371336265915,0.12445108813773,-4.54873722121811
"MAT2B",-6.38560178213631,8.59125446295334,-2.30460051897721,0.0313149225034744,0.121270566232836,-4.59617789275441
"DUSP3",1.53031377738377,8.72604202946496,2.19889488671005,0.0390313127325569,0.136884462963474,-4.65535347532754
"FECH",1.41795594744369,8.69348062138427,2.1498702170053,0.0431669938101795,0.145931750763837,-4.68453710209785
"ETFDH",1.72774657888288,8.82065518944078,2.41271927352128,0.0248942367085738,0.102175795721454,-4.68547433509567
"IDI2",1.55314480168007,8.80223252425801,2.28819375106797,0.0324128256934164,0.123532555066235,-4.70090452501373
"MUSTN1",1.55711802024219,8.80183008207271,2.28996141156217,0.0322928627612812,0.123390120115995,-4.749903497773
"UBE2N",1.49796877934929,8.77020190461732,2.1938657491348,0.0394383538837948,0.137344756882027,-4.77935225956096
"HINT1",1.53222052456378,8.84740893070497,2.21297687319664,0.0379118133760507,0.135502988478038,-4.98938870396741
"ESYT2",1.63910880182195,8.85247800140075,2.34109791379035,0.0289941025397391,0.115512504518321,-5.04277119031978
"C11orf54",-6.18004076847474,8.61082868956994,-2.08105065355558,0.0496418360605544,0.161932102782682,-5.10940354947604
"CYCS",-6.61395701091582,8.75203511396112,-2.43885229161343,0.0235370825295075,0.0982245846343133,-5.28798961612524
"APOD",1.52655064060496,8.91232257760327,2.20446187365096,0.0385851981414964,0.136393633839534,-5.39680798735365
"LONP1",1.47100026615498,8.85312970329494,2.24540303589785,0.035444374707654,0.12947162790522,-5.75544138951399
"S100A11",1.74004894160753,8.95943693120947,2.44645938539239,0.0231551348676169,0.0969013207064976,-5.95142193762174
"FARSB",1.54982768218629,8.91999480596605,2.27544206054869,0.0332904042647252,0.124770467402117,-6.00364647494074
"TACC2",1.45511647586534,8.90620652312503,2.20405714090687,0.0386174746413139,0.136393633839534,-6.04584923964318
"IGHM",1.77174701559789,8.99614727177787,2.46957079792519,0.0220297874363528,0.0967751204756137,-6.09202242172577
"MLH3",1.51693970755197,8.75166512938872,2.14979176956412,0.0431739182313359,0.145931750763837,-6.15551671741712
"FLG",1.81987065709125,9.04689734024819,2.51474479020677,0.0199758234286645,0.0901627800677487,-6.33370369953339
"RPS10",1.58208997430237,8.96124826413888,2.2997445546557,0.0316362611079317,0.121909695333864,-6.34926078512143
"ALDH1L1",1.46236043517154,8.96401397446079,2.21832326546848,0.0374944963774196,0.134332799970899,-6.35650367587978
"PSMD1",1.46617245931533,8.75432423503762,2.18938739939781,0.0398040598945176,0.138295966238161,-6.40139700300455
"CRKL",1.56530077340377,9.0083028542756,2.27174470416111,0.0335488999054335,0.125305141146794,-6.47835488069815
"TOMM70",1.45796348523741,8.96638779251327,2.21963728152634,0.0373925725859554,0.134332799970899,-6.50640190913972
"VBP1",1.46335289317802,8.99495867226589,2.20190834855286,0.0387892476593406,0.136662668239887,-6.51378270087939
"MTHFD1",1.82963616471975,9.08550767516639,2.50869014151412,0.0202403416942179,0.0910815376239806,-6.57945475231492
"PSMD3",1.42234921093166,8.97457803084884,2.14620267161888,0.0434917986061152,0.146148338056225,-6.5845277254761
"DTNA",1.59006932864325,8.81356545833179,2.29787131462778,0.0317610281388867,0.121981943546264,-6.61599125861727
"KIF5B",1.47844322411522,9.00671849950214,2.22747673831603,0.0367897220690594,0.133179997427651,-6.62712664138508
"APEH",1.59854201342876,9.04044767854978,2.32069550931744,0.0302711744261303,0.118390404692771,-6.64008886840279
"PSMD7",1.46078348438116,9.00688983569897,2.17847526342848,0.0407080878400679,0.139490557873994,-6.72577905024011
"HSPB3",1.46181532169051,9.02411875410737,2.18611473755422,0.0400732539587753,0.138908216738771,-6.81498966777329
"EIF3J",1.57965484643829,9.06200522930521,2.26102547192251,0.0343087439751689,0.126796715131918,-6.91958253477976
"DNAJA2",1.44733256469098,8.83736332993045,2.17998812840089,0.040581649784113,0.139490557873994,-7.02738199984993
"COQ7",1.41333099941775,8.87835111483959,2.1203245976295,0.0458471178552892,0.15221243127956,-7.28305489102214
"PHKA1",1.41507594148696,8.86827885681195,2.11175159587463,0.046652414313855,0.153918108482509,-7.44647378768289
"MTCH2",1.408669664642,8.88385611985539,2.12985298554905,0.0449668086533823,0.150291749727412,-7.47482538248679
"NDUFS6",1.396867804308,8.88829312211837,2.11061324288687,0.0467602977976679,0.153918108482509,-7.48278615595927
"DHRS7C",1.4705023774577,8.91341237393916,2.20577157928006,0.0384809203209016,0.136393633839534,-7.53977511839554
"RTN4",1.59408122372293,9.14152662845394,2.27612674785406,0.0332427359867659,0.124770467402117,-7.66824402335276
"PHPT1",1.97252081039062,9.26178259097409,2.57663288127588,0.0174513239969775,0.0812220500046241,-7.88234082135954
"CAND2",1.36902930008099,9.13028721719363,2.09194875669727,0.0485614977352781,0.159452478278034,-8.07169060465462
"NDUFA6",1.37686853673129,8.96997972483273,2.08659519849362,0.0490895313021907,0.16083280650323,-8.3432724960718
"ACTN3",2.28982415296186,9.3408460718874,2.63821261099021,0.0152390133468139,0.0720477403168986,-9.70214305522806
"TIMM44",1.6343851946899,9.19575308827003,2.11114268396399,0.0467100939100199,0.153918108482509,-12.7944151493687
